neighborhood,price,bedrooms,bathrooms,house_size,description,neighborhood_description
Westwood Hills,"$750,000",4,3,"2,500 sqft","Welcome to this charming 4 bedroom, 3 bathroom home located in the highly sought after neighborhood of Westwood Hills. This beautiful property boasts a spacious floor plan with hardwood floors throughout. The kitchen features granite countertops, stainless steel appliances, and a breakfast bar. The living room is perfect for entertaining with a cozy fireplace and large windows that provide plenty of natural light. The master suite offers a walk-in closet and en-suite bathroom with a dual sink vanity and soaking tub. The backyard is ideal for outdoor gatherings with a patio area and lush landscaping. This home is perfect for those looking for a peaceful retreat in a prime location.","Westwood Hills is known for its tree-lined streets, well-maintained homes, and sense of community. Residents enjoy easy access to top-rated schools, parks, shopping, and dining options. With its close proximity to major freeways, Westwood Hills offers a convenient commute to downtown and other parts of the city. This neighborhood is perfect for families and individuals looking for a quiet suburban setting with all the amenities of city living. Don't miss out on the opportunity to make this house your new home in Westwood Hills."
"Greenwich Village, New York City","$2,500,000",3,2,"2,000 sq ft","This stunning 3-bedroom, 2-bathroom apartment in the heart of Greenwich Village is a rare find. The spacious layout offers a sun-filled living room with a fireplace, a modern kitchen with high-end appliances, and a master bedroom with an en-suite bathroom. The apartment features hardwood floors, high ceilings, and ample closet space. Enjoy views of tree-lined streets and iconic New York City buildings from the large windows. The building offers a doorman, elevator, and rooftop terrace.","Greenwich Village is a vibrant and historic neighborhood known for its charming tree-lined streets, historic brownstones, and trendy boutiques and restaurants. Residents enjoy easy access to Washington Square Park, NYU, and various subway lines for convenient transportation around the city. With a mix of historic charm and modern amenities, Greenwich Village is a highly sought-after neighborhood in New York City."
Westwood Hills,"$750,000",3,2,"2,500 sqft","Welcome to this charming 3 bedroom, 2.5 bathroom home located in the desirable Westwood Hills neighborhood. This beautiful two-story home features an open floor plan with a spacious living room, cozy fireplace, and a gourmet kitchen with granite countertops and stainless steel appliances. The master bedroom boasts a walk-in closet and en-suite bathroom with a luxurious soaking tub. Outside, you'll find a beautifully landscaped backyard with a patio, perfect for entertaining guests. This home also includes a two-car garage and is conveniently located near top-rated schools, shopping, and dining.","Westwood Hills is known for its tree-lined streets, well-maintained homes, and family-friendly atmosphere. Residents enjoy easy access to parks, hiking trails, and recreational facilities. The neighborhood is also close to major highways, making for an easy commute to downtown and other parts of the city. With its strong sense of community and top-rated schools, Westwood Hills is the perfect place to call home."
Parkside Heights,"$450,000",3,2,"2,000 sq. ft.","Welcome to this charming 3 bedroom, 2.5 bathroom home in the sought-after Parkside Heights neighborhood. This well-maintained property features a spacious living room with a cozy fireplace, a bright and airy kitchen with stainless steel appliances, and a separate dining area perfect for entertaining guests. The master bedroom boasts a walk-in closet and en-suite bathroom with a luxurious soaking tub. The backyard offers a peaceful retreat with a patio area and lush greenery, ideal for enjoying the beautiful California weather. With its convenient location near parks, shopping centers, and top-rated schools, this home is perfect for families or anyone looking for a quiet and friendly community to call home.","Parkside Heights is a peaceful and family-friendly neighborhood known for its tree-lined streets, well-maintained parks, and close-knit community feel. Residents enjoy easy access to hiking trails, local shops and restaurants, and excellent schools, making it a highly desirable place to live. With its convenient location just a short drive from downtown and major highways, Parkside Heights offers the perfect balance of suburban tranquility and urban convenience. Don't miss out on the opportunity to own a home in this wonderful neighborhood!"
"Park Slope is a highly sought-after neighborhood in Brooklyn known for its tree-lined streets, historic brownstones, and vibrant community. With a mix of trendy boutiques, top-rated restaurants, and beautiful parks, Park Slope offers a perfect blend of city living and suburban charm.","$1,200,000",3,2,"1,800 sq ft","This stunning brownstone in Park Slope features three spacious bedrooms, two full bathrooms, a renovated kitchen with stainless steel appliances, and a cozy living room with a working fireplace. The home boasts original details such as hardwood floors, crown moldings, and high ceilings. The backyard is a private oasis with a deck perfect for entertaining. With plenty of natural light and ample storage space, this home is perfect for modern city living.","Park Slope is known for its excellent schools, family-friendly atmosphere, and easy access to transportation. Residents enjoy the proximity to Prospect Park, where they can take advantage of outdoor activities such as jogging, biking, and picnicking. The neighborhood is also home to a variety of cultural institutions, including the Brooklyn Museum and the Brooklyn Botanic Garden. With a strong sense of community and a bustling commercial corridor along 5th Avenue, Park Slope offers the perfect balance of urban amenities and small-town charm."
Westwood Village,"$750,000",3,2,"2,000 sqft","Welcome to this charming 3 bedroom, 2 bathroom home located in the highly sought-after Westwood Village neighborhood. This home features a spacious living room with a cozy fireplace, a updated kitchen with stainless steel appliances, and a dining area that opens up to a beautiful backyard perfect for entertaining. The master bedroom boasts an en-suite bathroom and ample closet space. Additional features include hardwood floors, a two-car garage, and a bonus room that can be used as an office or guest room.","Westwood Village is a family-friendly neighborhood known for its tree-lined streets, top-rated schools, and proximity to parks and shopping centers. Residents enjoy easy access to major freeways, making commuting a breeze. With a strong sense of community and an abundance of local amenities, Westwood Village is the perfect place to call home."
Westwood Hills,"$750,000",4,3,"2,500 sqft","Welcome to this charming 4 bedroom, 3 bathroom home located in the desirable Westwood Hills neighborhood. This spacious home features a cozy living room with a fireplace, a formal dining room perfect for entertaining, and a fully updated kitchen with stainless steel appliances and granite countertops. The master suite offers a walk-in closet and a luxurious en-suite bathroom with a soaking tub and separate shower. The backyard is an oasis with a covered patio, lush landscaping, and a sparkling pool, ideal for relaxing or hosting gatherings with friends and family. This home also includes a 2-car garage and is conveniently located near shopping, dining, and top-rated schools.","Westwood Hills is a highly sought-after neighborhood known for its tree-lined streets, well-maintained homes, and sense of community. Residents enjoy easy access to parks, hiking trails, and local amenities such as shops and restaurants. With its close proximity to major freeways, Westwood Hills offers a peaceful suburban lifestyle while still being just a short drive away from the bustling city center. This neighborhood is perfect for families and individuals looking for a tranquil yet convenient place to call home."
"Upper East Side, Manhattan, New York City","$2,500,000",4,3,"2,500 square feet","This stunning 4-bedroom, 3-bathroom home is located in the prestigious Upper East Side neighborhood of Manhattan. The spacious layout includes a modern kitchen with top-of-the-line appliances, a cozy living room with a fireplace, and a luxurious master suite with a spa-like bathroom. The home also features a private outdoor terrace perfect for entertaining guests. With high ceilings, hardwood floors, and abundant natural light throughout, this home is the epitome of luxury living in the heart of New York City.","The Upper East Side is known for its upscale vibe, with tree-lined streets, designer boutiques, and world-class restaurants. Residents enjoy easy access to Central Park, the Museum Mile, and exclusive shopping along Madison Avenue. This neighborhood is also home to top-rated schools, cultural institutions, and convenient transportation options, making it a highly sought-after location for those seeking a sophisticated urban lifestyle."
"Park Slope, Brooklyn","$1,200,000",3,2,"1,800 square feet","This stunning brownstone in the heart of Park Slope offers a perfect blend of historic charm and modern amenities. The main floor features a spacious living room with a decorative fireplace, a formal dining room, and a renovated kitchen with stainless steel appliances. The second floor boasts two well-appointed bedrooms and a full bathroom. The third floor is dedicated to a luxurious master suite with a walk-in closet and a spa-like ensuite bathroom. The finished basement provides additional living space, perfect for a home office or family room. The private backyard is ideal for outdoor entertaining. With original details throughout and a prime location near Prospect Park, this home is a true gem.","Park Slope is known for its tree-lined streets, historic brownstones, and vibrant community. Residents enjoy easy access to Prospect Park, Brooklyn Botanic Garden, and a wide variety of trendy boutiques, restaurants, and cafes. The neighborhood is also home to top-rated schools and excellent public transportation options, making it a desirable place to live for families and young professionals alike."
Westwood Village,"$750,000",3,2,"1,800 square feet","Welcome to this charming 3 bedroom, 2 bathroom home in the desirable Westwood Village neighborhood. This beautifully maintained property features a spacious living room with a cozy fireplace, a bright and airy kitchen with granite countertops and stainless steel appliances, and a dining area perfect for entertaining. The master bedroom boasts an en-suite bathroom and walk-in closet. Outside, you'll find a well-manicured backyard with a patio area for outdoor dining and a detached garage for parking or storage. Don't miss the opportunity to own this lovely home in a prime location.","Westwood Village is known for its tree-lined streets, friendly community atmosphere, and convenient location near shopping, dining, and entertainment options. Residents enjoy easy access to parks, schools, and major freeways for commuting. With a mix of historic homes and modern amenities, Westwood Village offers the perfect blend of suburban charm and urban convenience. Don't miss your chance to become a part of this vibrant neighborhood."
